{
  "Abkhazia": 1622.3854189250092,
  "Afghanistan": 1230.711635546578,
  "Albania": 1620.6886492670671,
  "Alderney": 1171.4438858956005,
  "Algeria": 1857.9962451423537,
  "Ambazonia": 1405.368832493625,
  "American Samoa": 1024.1318209722676,
  "Andalusia": 1588.4702392070108,
  "Andorra": 1113.3386249672026,
  "Angola": 1572.7799591987623,
  "Anguilla": 981.7736700217598,
  "Antigua and Barbuda": 1191.9332057627619,
  "Arameans Suryoye": 1540.3194165931434,
  "Argentina": 2124.3235099110548,
  "Armenia": 1396.7905497226102,
  "Artsakh": 1557.9483304563564,
  "Aruba": 1255.6976192220625,
  "Australia": 1905.908146083246,
  "Austria": 1835.1590033416844,
  "Aymara": 1468.0102720572147,
  "Azerbaijan": 1367.275585594601,
  "Bahamas": 1038.4835512934787,
  "Bahrain": 1544.2378306236933,
  "Bangladesh": 1180.616369866343,
  "Barawa": 1387.5447163977733,
  "Barbados": 1181.6795038209086,
  "Basque Country": 1709.8394904610388,
  "Belarus": 1528.0998225842025,
  "Belgium": 1902.6224370696932,
  "Belize": 1317.1678717862665,
  "Benin": 1522.1432731710102,
  "Bermuda": 1365.3398760655234,
  "Bhutan": 941.1393756540289,
  "Biafra": 1512.9190271084576,
  "Bolivia": 1670.8448182406478,
  "Bonaire": 1197.1579414684695,
  "Bosnia and Herzegovina": 1617.5395392171615,
  "Botswana": 1392.8648517519803,
  "Brazil": 2015.4492896436457,
  "British Virgin Islands": 1091.9278423141268,
  "Brittany": 1504.3033040819882,
  "Brunei": 991.6307530716484,
  "Bulgaria": 1499.1724017547458,
  "Burkina Faso": 1640.3104270576664,
  "Burundi": 1388.2549093355287,
  "Cambodia": 1144.0147423718004,
  "Cameroon": 1702.0076197518,
  "Canada": 1845.0366267755835,
  "Canary Islands": 1512.4578169279653,
  "Cape Verde": 1656.1966106886027,
  "Cascadia": 1539.6069026334544,
  "Catalonia": 1643.5061082101809,
  "Cayman Islands": 1108.6522385425721,
  "Central African Republic": 1359.887873487834,
  "Chad": 1252.722816282598,
  "Chagos Islands": 1365.0111012161772,
  "Chameria": 1544.1718819170717,
  "Chechnya": 1453.2305230579682,
  "Chile": 1756.9681935772812,
  "China": 1562.8456311982015,
  "Cilento": 1490.3936347646152,
  "Colombia": 2004.7638853504616,
  "Comoros": 1463.534339371832,
  "Congo": 1344.9174302430413,
  "Cook Islands": 1204.0409337775943,
  "Corsica": 1534.8250135961687,
  "Costa Rica": 1716.5860835099245,
  "County of Nice": 1578.0696917785008,
  "Crimea": 1505.5735568526954,
  "Croatia": 1913.0337917109657,
  "Cuba": 1432.8325316325552,
  "Cura\u00e7ao": 1585.2342932930696,
  "Cyprus": 1335.3630586598774,
  "Czech Republic": 1738.0701780616032,
  "Czechoslovakia": 1600.0781034494453,
  "DR Congo": 1726.750615955544,
  "Darfur": 1299.5139689283392,
  "Denmark": 1871.0711323866606,
  "Djibouti": 1092.418178720737,
  "Dominica": 1216.6767439499633,
  "Dominican Republic": 1488.4035584199423,
  "Donetsk PR": 1509.3058067222728,
  "D\u00e9lvid\u00e9k": 1501.055755312012,
  "East Turkestan": 1468.8194036603472,
  "Ecuador": 1932.0595806059748,
  "Egypt": 1784.6123411976,
  "El Salvador": 1498.4021531260123,
  "Elba Island": 1515.9270517913312,
  "Ellan Vannin": 1565.6456185388336,
  "England": 2021.7611494220423,
  "Equatorial Guinea": 1445.7332400401867,
  "Eritrea": 1219.2364065589074,
  "Estonia": 1391.9477725675285,
  "Eswatini": 1319.0703377719497,
  "Ethiopia": 1392.6465361119022,
  "Falkland Islands": 1246.6804967247017,
  "Faroe Islands": 1384.370290522245,
  "Felvid\u00e9k": 1504.5790119726191,
  "Fiji": 1449.2212345704597,
  "Finland": 1560.184065834088,
  "France": 2054.3918492448124,
  "Franconia": 1480.9210346075997,
  "French Guiana": 1462.4896342689751,
  "Fr\u00f8ya": 1221.986554316792,
  "Gabon": 1530.4686269122774,
  "Galicia": 1519.625465607589,
  "Gambia": 1515.2119412616826,
  "Georgia": 1661.3923462513521,
  "German DR": 1538.553920146377,
  "Germany": 1964.7270785953035,
  "Ghana": 1625.1219193901727,
  "Gibraltar": 1137.0257367652903,
  "Gotland": 1463.935495516139,
  "Gozo": 1478.4947500907426,
  "Greece": 1745.829058064027,
  "Greenland": 1475.8450821805825,
  "Grenada": 1309.610430379982,
  "Guadeloupe": 1535.336119820092,
  "Guam": 1054.2855027640223,
  "Guatemala": 1619.7084374816766,
  "Guernsey": 1747.1049937636749,
  "Guinea": 1556.3898458734993,
  "Guinea-Bissau": 1370.0502260094356,
  "Guyana": 1492.8438506925156,
  "G\u0103g\u0103uzia": 1443.4872486821237,
  "Haiti": 1669.0271605910332,
  "Hitra": 1361.6902870217496,
  "Hmong": 1465.221123478084,
  "Honduras": 1672.379966570423,
  "Hong Kong": 1358.617901664754,
  "Hungary": 1723.6742660740524,
  "Iceland": 1577.358550285814,
  "India": 1302.3105348714164,
  "Indonesia": 1518.1952257201983,
  "Iran": 1872.9207581676453,
  "Iraq": 1726.220462706669,
  "Iraqi Kurdistan": 1636.412526826033,
  "Isle of Man": 1700.9288952492138,
  "Isle of Wight": 1654.0689743708488,
  "Israel": 1631.2192692161893,
  "Italy": 1877.3617698624876,
  "Ivory Coast": 1822.7588417262434,
  "Jamaica": 1649.7194520353726,
  "Japan": 1965.1795854507532,
  "Jersey": 1798.6283504970106,
  "Jordan": 1748.8356185900511,
  "Kabylia": 1460.8468347834175,
  "Kazakhstan": 1459.730262517132,
  "Kenya": 1469.5152345047873,
  "Kernow": 1600.3136688298337,
  "Kiribati": 1309.4010175380145,
  "Kosovo": 1699.6956447479056,
  "Kurdistan": 1559.5012059577475,
  "Kuwait": 1482.295698019985,
  "Kyrgyzstan": 1468.783199062212,
  "K\u00e1rp\u00e1talja": 1594.8742922964948,
  "Laos": 1014.4910471784217,
  "Latvia": 1302.1146856755463,
  "Lebanon": 1460.2617731271735,
  "Lesotho": 1402.8628654229415,
  "Liberia": 1431.0056720086413,
  "Libya": 1530.2381811035602,
  "Liechtenstein": 971.866162957586,
  "Lithuania": 1301.6368734151004,
  "Luhansk PR": 1487.7474241165814,
  "Luxembourg": 1422.1065426208568,
  "Macau": 946.6481225512829,
  "Madagascar": 1502.385251628844,
  "Madrid": 1491.3845657859092,
  "Malawi": 1434.0767376609167,
  "Malaysia": 1504.4388476214262,
  "Maldives": 1083.5500690776296,
  "Mali": 1693.3010383438645,
  "Malta": 1312.9428034495595,
  "Mapuche": 1507.2292913392528,
  "Marshall Islands": 1430.2729840623913,
  "Martinique": 1491.7916190648984,
  "Matabeleland": 1486.19913694855,
  "Maule Sur": 1524.7604366035325,
  "Mauritania": 1442.2859375871271,
  "Mauritius": 1237.4611798435021,
  "Mayotte": 1467.1156609479528,
  "Menorca": 1567.38870840657,
  "Mexico": 1921.5344566099277,
  "Micronesia": 1344.9467888860388,
  "Moldova": 1284.8021890920184,
  "Monaco": 1446.9686798170403,
  "Mongolia": 1071.3394537031036,
  "Montenegro": 1480.9613049005459,
  "Montserrat": 1265.3983459849003,
  "Morocco": 1954.3937487720132,
  "Mozambique": 1480.767124643614,
  "Myanmar": 1186.0883460082723,
  "Namibia": 1422.5286332152748,
  "Nepal": 1167.7674808912693,
  "Netherlands": 1956.6638669741785,
  "New Caledonia": 1603.9172598293544,
  "New Zealand": 1715.9747847022616,
  "Nicaragua": 1500.5478059018628,
  "Niger": 1468.205242978581,
  "Nigeria": 1829.3049834465362,
  "North Korea": 1505.0472253110586,
  "North Macedonia": 1592.3374455698186,
  "Northern Cyprus": 1690.082090568242,
  "Northern Ireland": 1607.3747338315022,
  "Northern Mariana Islands": 1054.971710512826,
  "Norway": 1894.2655317456286,
  "Occitania": 1672.007810316521,
  "Oman": 1588.3739266410341,
  "Orkney": 1414.2761613675575,
  "Padania": 1683.5706693320187,
  "Pakistan": 1166.5902903950198,
  "Palau": 1452.317225874203,
  "Palestine": 1572.5539625796432,
  "Panama": 1798.9155959575794,
  "Panjab": 1575.739592680277,
  "Papua New Guinea": 1473.9877399627144,
  "Paraguay": 1821.6930231295546,
  "Parishes of Jersey": 1514.4678113116934,
  "Peru": 1730.576154846682,
  "Philippines": 1367.6235989045665,
  "Poland": 1730.5893090579825,
  "Portugal": 1984.9149887936885,
  "Provence": 1477.4926139309737,
  "Puerto Rico": 1389.8163780658974,
  "Qatar": 1596.961099447828,
  "Quebec": 1541.314021462611,
  "Raetia": 1398.4719708049586,
  "Republic of Ireland": 1705.948143988754,
  "Republic of St. Pauli": 1490.288558208398,
  "Rhodes": 1585.9189063903539,