{
  "shrink": 0.8,
  "bias": {
    "TG:over": 0.0034803431242166724,
    "TG:under": -0.0034803431242166638,
    "MR:H": 0.012268095376527224,
    "MR:D": -0.0045407390697491876,
    "MR:A": -0.007727356306778022,
    "SP:home": 0.004520728565497644,
    "SP:away": -0.00452072856549765
  }
}