segment,bets,wins,roi,roi_lo,roi_hi,units
OVERALL,121,41,0.1798665391108817,-0.23300802137240267,0.7133141088334032,21.22425161508404
Match Result,63,14,0.3349584278155707,-0.38405328798185945,1.3255158730158723,21.102380952380955
Spread,41,21,0.09770473035821524,-0.21932318840735687,0.4106518208792658,3.712779753612179
Total Goals,17,6,-0.21122994652406415,-0.7207219251336898,0.34224598930481287,-3.590909090909091
