segment,bets,wins,roi,roi_lo,roi_hi,units
OVERALL,140,53,0.1794468363298921,-0.1766433099608192,0.6024463747564,24.404769740865326
Match Result,57,13,0.40881370091896413,-0.3719517543859649,1.441394110275689,23.302380952380954
Spread,49,26,0.14511032324578063,-0.15357273085336678,0.42092615745103823,6.52996454606013
Total Goals,34,14,-0.15963458110516934,-0.5007261586452763,0.19980614973262031,-5.427575757575758
