segment,bets,wins,roi,roi_lo,roi_hi,units
OVERALL,141,53,0.17139580122131642,-0.20603712432575932,0.6163552990090535,23.48122476732035
Match Result,59,13,0.36105730427764327,-0.4397911622276029,1.3208484665052436,21.302380952380954
Spread,48,26,0.1728731721026172,-0.11781782601830099,0.45127029094717147,7.606419572515157
Total Goals,34,14,-0.15963458110516934,-0.5007261586452763,0.19980614973262031,-5.427575757575758
