segment,bets,wins,roi,roi_lo,roi_hi,units
OVERALL,146,57,0.19201115333909147,-0.1468790908442584,0.6292403274646433,27.26558377415099
Match Result,61,15,0.43610460577673693,-0.3262519516003123,1.519713114754098,26.60238095238095
Spread,48,25,0.12291601885522208,-0.18131347754483576,0.4006210879186933,5.408304829629772
Total Goals,37,17,-0.12824600021242533,-0.4391363221745721,0.1710749640114066,-4.745102007859737
