segment,bets,wins,roi,roi_lo,roi_hi,units
OVERALL,155,66,-0.05430537685834214,-0.23335696339179707,0.129067156273213,-8.200111905609663
Match Result,56,18,-0.15049879531695978,-0.49948274832524187,0.21066993138556056,-8.427932537749747
Spread,54,28,0.11312839145030312,-0.15309485015692767,0.38533200329603445,5.656419572515156
Total Goals,45,20,-0.12063553200833498,-0.41183895024870965,0.17360339316694498,-5.428598940375074
